652b8baa43e8c47e4eb4838b	How is Russia benefitting from the Hamas Israel conflict? #upsc #palestine #news	obQ35TTzo9M	The intense conflict between Gaza and Israel is showcased with military presence and tensions on both sides.	The video provides a glimpse into the intense conflict between Gaza and Israel, showcasing the military presence and tensions on both sides.	0	30
652b8baa43e8c47e4eb4838b	How is Russia benefitting from the Hamas Israel conflict? #upsc #palestine #news	obQ35TTzo9M	The ongoing conflict between Israel and Gaza is depicted, highlighting the destruction caused by the violence.	The video depicts the ongoing conflict between Israel and Gaza, showing the destruction caused by the violence.	30	45
652b8baa43e8c47e4eb4838b	How is Russia benefitting from the Hamas Israel conflict? #upsc #palestine #news	obQ35TTzo9M	Various images and text are shown, including maps of Gaza, Israel, Europe, and Russia, with a man speaking in a black jacket.	A video featuring various images and text on different backgrounds, including maps of Gaza, Israel, Europe, and Russia, with a man speaking in a black jacket.	45	59
652b8ba543e8c47e4eb4838a	Israel Palestine Conflict, Part 1 | War #shorts #facts #viral #israel #ww3 #youtubeshorts	g0FmYHsQWZ8	Facts about Israel and Palestine Conflict, Part 1	The conflict began in the early 1900s, when Jewish people began to immigrate to Palestine, which was then part of the Ottoman Empire.	0	15
652b8ba543e8c47e4eb4838a	Israel Palestine Conflict, Part 1 | War #shorts #facts #viral #israel #ww3 #youtubeshorts	g0FmYHsQWZ8	Ongoing violence and turmoil in Gaza City	The video provides a glimpse into the ongoing violence and turmoil in Gaza City amidst the Israel-Palestine Conflict, showcasing the clashes between civilians and security forces, the mourning of the deceased president, and the widespread destruction caused by the conflict.	15	30
652b8ba543e8c47e4eb4838a	Israel Palestine Conflict, Part 1 | War #shorts #facts #viral #israel #ww3 #youtubeshorts	g0FmYHsQWZ8	Intense Israeli-Palestinian conflict	The video showcases the intense Israeli-Palestinian conflict, portraying individuals armed with guns, people gathered around tables, and large crowds.	30	40
652b8b9f43e8c47e4eb48389	FLASHBACK: Joan Rivers ROASTS Media Over Israeli/Palestine Conflict	qDb7J4kBG88	A woman passionately shares her perspective on the conflict between Palestine and Israel.	The woman expresses her strong views on the conflict and highlights the potential consequences for states like New Jersey if they were to launch rockets into New York.	0	15
652b8b9f43e8c47e4eb48389	FLASHBACK: Joan Rivers ROASTS Media Over Israeli/Palestine Conflict	qDb7J4kBG88	The woman calls out CNN and BBC for their portrayal of events and demands that they stop spreading misinformation.	She expresses frustration with media outlets and emphasizes the need for accurate reporting.	45	60
652b8b9f43e8c47e4eb48389	FLASHBACK: Joan Rivers ROASTS Media Over Israeli/Palestine Conflict	qDb7J4kBG88	The woman emphasizes the need to refrain from placing weapon stashes in private homes during conflicts.	She passionately addresses the issue of weapon stashes in private homes and the consequences of such actions.	30	45
652b8b9c43e8c47e4eb48388	മൊസാദ് പരാജയപ്പെട്ടോ ! അതോ വേറെ കളിയോ ? |Israel palestine conflict  | Mossad	TCnEy8lLS0k	The significance of war videos depicting chaotic events and destruction is discussed	The video captures the aftermath of a destructive event, with smoke rising from buildings and people gathering around. A man in a blue suit addresses the crowd, possibly providing information or guidance. The scene hints at a situation involving chaos and destruction, possibly in a war zone.	225	240
652b8b9743e8c47e4eb48387	Jordan Peterson TALKS to  Netanyahu about the Israel Palestine Conflict	u7Hhm6mk4Xk	The popularity of Israel's historical roots in Western countries and the confusion surrounding the claims of Palestinians being the first inhabitants.	The narrator discusses the popularity of Israel's historical roots, particularly in Western countries. They question the claims that Palestinians were the first inhabitants of Israel and express their confusion regarding the popularity of this idea.	15	30
652b8b9143e8c47e4eb48386	ISRAEL-PALESTINE CONFLICT EXPLAINED 7☮️|#shorts #trending #tamil	18QRkRh9BP0	A man presents a comprehensive discussion on the Israeli-Palestinian conflict, using images and maps to illustrate the historical context.	A knowledgeable man presents a comprehensive discussion on the Israeli-Palestinian conflict, employing vivid images and detailed maps to provide a deeper understanding of the historical context.	15	30
652b8b9143e8c47e4eb48386	ISRAEL-PALESTINE CONFLICT EXPLAINED 7☮️|#shorts #trending #tamil	18QRkRh9BP0	The man provides historical context and highlights key events in the conflict, showcasing a timeline and discussing the history of Israel and Palestine.	The man provides historical context and highlights key events in the conflict, showcasing a timeline and discussing the history of Israel and Palestine.	45	60
652b8b9143e8c47e4eb48386	ISRAEL-PALESTINE CONFLICT EXPLAINED 7☮️|#shorts #trending #tamil	18QRkRh9BP0	A man gives a presentation on the history of the Israeli-Palestinian conflict.	A man gives a presentation on the history of the Israeli-Palestinian conflict.	60	75
652b8b8c43e8c47e4eb48385	Israel-Palestine Conflict: Maulana Fazlur Rehman Surprising Statement | Latest updates	Px8KYdj9xhg	A news anchor is delivering a live report on fire incidents.	The presenter provides information and analysis about fire incidents in this video clip.	0	30
652b8b8c43e8c47e4eb48385	Israel-Palestine Conflict: Maulana Fazlur Rehman Surprising Statement | Latest updates	Px8KYdj9xhg	The presenter gives live commentary on fire incidents.	The anchor provides updates and analysis on the situation, emphasizing the importance of accurate captions.	30	75
652b8b8c43e8c47e4eb48385	Israel-Palestine Conflict: Maulana Fazlur Rehman Surprising Statement | Latest updates	Px8KYdj9xhg	The video showcases a man discussing and reacting to fire incidents displayed on a screen.	The video emphasizes the significance of fire incidents for captioning purposes.	75	82
652b8b8243e8c47e4eb48383	Israel Palestine Conflict Explained in 1 Minute #upsc #ias #israel	_TDhHywnKCs	The video captures a historical event with a mix of aerial footage and on-ground scenes.	A chaotic historical event with a significant figure addressing a crowd.	30	45
652b8b8243e8c47e4eb48383	Israel Palestine Conflict Explained in 1 Minute #upsc #ias #israel	_TDhHywnKCs	The video showcases the diverse locations of the Middle East, including Israel and Palestine, while also featuring armed individuals affiliated with HAMAS displaying their presence through marches and flags.	Showing the diverse locations of the Middle East with armed individuals affiliated with HAMAS.	45	60
652b8b8243e8c47e4eb48383	Israel Palestine Conflict Explained in 1 Minute #upsc #ias #israel	_TDhHywnKCs	The narrator provides historical context and information about specific locations in the region, such as mosques and temples.	Providing historical context and information about specific locations in the Middle East region.	0	15
652b8b7d43e8c47e4eb48382	Israel-Palestine war: How did Hamas pierce the iron dome? | Gravitas	7kyw26HzxrY	Israel's high-tech border wall fails to anticipate Hamas assault	According to a recent report, Israel was too dependent on the cutting-edge wall that it constructed along the Gaza border. But here's the shocker. The $1 billion security barrier, which has advanced sensors and smart guns, failed to anticipate the Hamas assault.	0	30
652b8b7d43e8c47e4eb48382	Israel-Palestine war: How did Hamas pierce the iron dome? | Gravitas	7kyw26HzxrY	The impact of small drones on Israel's infrastructure: How Hamas caught the defense off-guard 	Hamas managed to take down at least four communication towers. And how did they do it? By using drones to drop munitions, catching the Israeli defense completely off-guard.	30	45
652b8b7d43e8c47e4eb48382	Israel-Palestine war: How did Hamas pierce the iron dome? | Gravitas	7kyw26HzxrY	Israel's high-tech surveillance system, including drones, cameras, and cyber snooping, was considered a robust network. However, shockingly, it proved to be fatally insufficient.	Now, about Israel's surveillance system, it's a robust network, including drones, cameras, cyber snooping. But shockingly, it proved fatally insufficient.	45	60
652b8b7843e8c47e4eb48381	Israel-Palestine war: Will Israel war spell the end of Hamas? | Gravitas	YwA98u26vI8	The dire situation in Gaza as Israel prepares for a ground offensive against Hamas.	A woman in black attire discusses the dire situation in Gaza as Israel prepares for a ground offensive against Hamas.	0	30
652b8b7843e8c47e4eb48381	Israel-Palestine war: Will Israel war spell the end of Hamas? | Gravitas	YwA98u26vI8	The border defense forces claim nearly full control over the border fence, leading to retaliation from Hamas.	The border defense forces claim nearly full control over the border fence, leading to retaliation from Hamas.	45	60
652b8b7343e8c47e4eb48380	Israel-Palestine conflict Latest Situation - More than 1100 Israelis died | Geo News	8qrKKIwPixc	Firefighters battling a fire in a heavily affected area	The footage captures the intensity and danger of the ongoing fire.	60	75
652b8b7343e8c47e4eb48380	Israel-Palestine conflict Latest Situation - More than 1100 Israelis died | Geo News	8qrKKIwPixc	Destruction caused by a fire incident in Pakistan	The video showcases the devastating impact of the fire on the environment.	75	90
652b8b7343e8c47e4eb48380	Israel-Palestine conflict Latest Situation - More than 1100 Israelis died | Geo News	8qrKKIwPixc	Global fire incidents reported in the news	The video concludes with a news report highlighting global fire incidents.	90	105
652b8b6f43e8c47e4eb4837f	Israel-Palestine attack: Hamas militants commit massacre in Kfar Aza	93cb3m5IZSM	A woman in military clothing stands near a tank, surrounded by trees and buildings.	A woman in military clothing stands near a tank, surrounded by trees and buildings.	30	45
652b8b6f43e8c47e4eb4837f	Israel-Palestine attack: Hamas militants commit massacre in Kfar Aza	93cb3m5IZSM	The grim reality of war is highlighted in this video as individuals discuss the perception of war, emphasizing its brutality and the lack of empathy exhibited by trained soldiers.	The grim reality of war is highlighted in this video as individuals discuss the perception of war, emphasizing its brutality and the lack of empathy exhibited by trained soldiers.	75	90
652b8b6f43e8c47e4eb4837f	Israel-Palestine attack: Hamas militants commit massacre in Kfar Aza	93cb3m5IZSM	The video features a woman in military gear discussing the ongoing conflict at the Gaza border and highlighting its proximity to militant positions.	The video features a woman in military gear discussing the ongoing conflict at the Gaza border and highlighting its proximity to militant positions.	165	178
652b8b6843e8c47e4eb4837e	Israel-Palestine war: Gaza refugee camps destroyed | Gravitas	Vqb9cQxYEuY	The massive destruction of buildings, homes, and refugee camps in Gaza.	The video showcases the grim aftermath of the conflict in Gaza, revealing the massive destruction of buildings, homes, and refugee camps.	0	15
652b8b6843e8c47e4eb4837e	Israel-Palestine war: Gaza refugee camps destroyed | Gravitas	Vqb9cQxYEuY	The heartbreaking aftermath of a devastating incident in Gaza.	The video captures the heartbreaking aftermath of a devastating incident in Gaza. People are desperately mourning and searching for their loved ones amidst the unimaginable scale of destruction.	30	45
652b8b6843e8c47e4eb4837e	Israel-Palestine war: Gaza refugee camps destroyed | Gravitas	Vqb9cQxYEuY	The search for hope amidst the chaos of war in Gaza.	Amidst the chaos of war, people frantically search for any glimmer of hope amidst the devastation. A child clings onto someone's arm as they desperately seek answers in a world torn apart.	45	60
652b8b6243e8c47e4eb4837d	Israel-Palestine war: Lebanon and Syria launch missiles at Israel | WION	Nh3iAusbUcs	The video depicts escalating tensions in Israel and the Middle East with missile attacks on Jerusalem. 	The video depicts a woman in a black jacket discussing the escalating tensions in Israel and the Middle East, including the missile attacks on Jerusalem and the ongoing conflict in southern Israel caused by the Palestinian Hamas attack.	0	30
652b8b6243e8c47e4eb4837d	Israel-Palestine war: Lebanon and Syria launch missiles at Israel | WION	Nh3iAusbUcs	The Israeli Defense Forces carry out an attack on the Western Galilee from Lebanon.	The Israeli Defense Forces (IDF) carry out an attack on the Western Galilee from Lebanon.	30	60
652b8b6243e8c47e4eb4837d	Israel-Palestine war: Lebanon and Syria launch missiles at Israel | WION	Nh3iAusbUcs	The escalating tensions in Israel lead to clashes between Israeli forces and militants, causing casualties. 	The escalating tensions in Israel lead to clashes between Israeli forces and militants, causing casualties.	60	90
652b8b5e43e8c47e4eb4837c	Israel-Palestine conflict Latest Situation - Gaza latest Updates | Geo News	6pD7zu5QTnU	The video showcases the devastating impact of multiple fire incidents in a city.	Multiple fire incidents in a city, with buildings engulfed in flames and emitting smoke.	15	60
652b8b5e43e8c47e4eb4837c	Israel-Palestine conflict Latest Situation - Gaza latest Updates | Geo News	6pD7zu5QTnU	The video provides relevant information and visuals about the challenges faced by emergency services in responding to multiple fire incidents.	A news report on multiple fire incidents and the challenges faced by emergency services in responding to them.	120	150
652b8b5e43e8c47e4eb4837c	Israel-Palestine conflict Latest Situation - Gaza latest Updates | Geo News	6pD7zu5QTnU	The video shows fire incidents in a city at nighttime, with firefighting teams and emergency vehicles responding to the scenes.	Fire incidents in a city at nighttime, with firefighting teams and emergency vehicles responding to the scene.	150	165
652b8b5943e8c47e4eb4837b	Israel-Palestine War: Iran President, Saudi Crown Prince Hold Talks On Palestinian-Israeli Conflict	KFibWWvUvTM	The deadly war between Gaza and Israel continues to escalate with no visible leadership from Hamas.	The video captures the intensity of the conflict between Gaza and Israel.	0	15
652b8b5943e8c47e4eb4837b	Israel-Palestine War: Iran President, Saudi Crown Prince Hold Talks On Palestinian-Israeli Conflict	KFibWWvUvTM	The video explores the stark difference in living conditions between Qatar and the Gaza Strip, shedding light on the consequences of the Israel-Palestinian conflict.	The video highlights the contrasting lifestyles in Qatar and the Gaza Strip.	30	45
652b8b5943e8c47e4eb4837b	Israel-Palestine War: Iran President, Saudi Crown Prince Hold Talks On Palestinian-Israeli Conflict	KFibWWvUvTM	This video captures a significant moment in the Israeli-Palestinian conflict as Hamas briefly invades Israeli territory.	The video showcases a brief invasion by Hamas into Israeli territory.	60	75
652b8b5343e8c47e4eb4837a	Israel-Palestine war: Hamas claims over 100 hostages, including Israeli soldiers | WION	A4hRA_J_tvI	The video captures the intense conflict and chaos between Israel and Gaza, with individuals in both territories engaging in armed clashes and shootings.	The escalating tensions are evident through the footage of rockets being fired from Gaza and the presence of armed individuals on both sides.	15	45
652b8b5343e8c47e4eb4837a	Israel-Palestine war: Hamas claims over 100 hostages, including Israeli soldiers | WION	A4hRA_J_tvI	Amidst the escalating Israel-Gaza conflict, crowds gather in a bustling area with signs and flags. Chaos breaks out as news of Hamas targeting Israel's military headquarters spreads, leading to scenes of unrest.	The video highlights the impact of the conflict, displaying footage of the attacked buildings and vehicles in Gaza City.	45	75
652b8b5343e8c47e4eb4837a	Israel-Palestine war: Hamas claims over 100 hostages, including Israeli soldiers | WION	A4hRA_J_tvI	The video captures the escalating clashes between protesters and police officers in Gaza City as Hamas's war on Israel intensifies.	While Iran and Hezbollah praised the attack, militant group Hezbollah also told Hamas that our guns and rockets are with you.	75	105
652b8b5043e8c47e4eb48379	Update on Israel-Palestine conflict	SPW9LMx1TQI	The video highlights the impact on civilians and features visuals of armed military vehicles and dense smoke from fires.	The video depicts a female presenter discussing the ongoing conflict in Gaza, emphasizing recent escalations caused by rocket attacks from Hamas.	45	105
652b8b5043e8c47e4eb48379	Update on Israel-Palestine conflict	SPW9LMx1TQI	The video features a female reporter delivering a live news report about the ongoing conflict in Gaza, discussing recent events and providing contextual information.	A female reporter delivers a live report about the Gaza conflict indoors.	150	180
652b8b5043e8c47e4eb48379	Update on Israel-Palestine conflict	SPW9LMx1TQI	The video provides news updates on the ongoing Gaza conflict, with a female narrator discussing the situation. Animated text and graphics accompany the audio description, creating an engaging visual experience.	A female reporter in black attire delivers a live news report on the Gaza conflict, discussing recent events and providing contextual information.	210	225
652b8b4843e8c47e4eb48378	Israel-Palestine war: Hamas confirms death of top commanders in Israeli air strikes | WION	mioS8eazyhg	The news report highlights the ongoing Israel-Gaza conflict and the human toll it has taken.	The news report highlights the ongoing Israel-Gaza conflict, showing the intensity of the situation and the human toll it has taken.	15	75
652b8b4843e8c47e4eb48378	Israel-Palestine war: Hamas confirms death of top commanders in Israeli air strikes | WION	mioS8eazyhg	The conflict between Israel and HAMAS escalates with fresh rocket attacks on southern Israel.	The conflict between Israel and HAMAS in Gaza has escalated, with HAMAS issuing a warning to execute hostages if Israel continues to strike civilian households without warning.	75	105
652b8b4843e8c47e4eb48378	Israel-Palestine war: Hamas confirms death of top commanders in Israeli air strikes | WION	mioS8eazyhg	The conflict between Israel and Gaza escalates as attacks come from multiple fronts.	The situation in Israel and Gaza escalates as nighttime attacks and retaliatory fire occur. US ammunition has arrived, adding to the tensions.	165	240
652b8b3f43e8c47e4eb48376	Israel, Palestine and Hamas explained in two minutes	F1H1SA0F_wY	The Israeli government controls access to and movement within the West Bank and Gaza Strip.	The video depicts scenes related to the Israeli-Palestinian conflict and the control of access and movement within the West Bank and Gaza Strip.	75	90
652b8b3f43e8c47e4eb48376	Israel, Palestine and Hamas explained in two minutes	F1H1SA0F_wY	Hamas has launched a larger and more devastating attack on Israel, catching them by surprise.	A surprise attack from Hamas leads to casualties and hostage situations, as Israel retaliates with airstrikes and widespread destruction in Gaza.	105	120
652b8b3f43e8c47e4eb48376	Israel, Palestine and Hamas explained in two minutes	F1H1SA0F_wY	Both Hamas and Israel have been accused of war crimes in the ongoing conflict.	The Israeli-Palestinian conflict intensifies with both sides being accused of war crimes.	120	135
652b8b3b43e8c47e4eb48375	Israel-Palestine war: Israeli Army Released The Latest Footage Of Airstrikes On Hamas | WION	GVomjdgTSrU	A city in chaos as buildings catch fire and an explosion rocks one of them, causing a collapse.	The video captures the sheer chaos and destruction in a city.	0	75
652b461643e8c47e4eb48262	Israel Hamas Conflict: Palestine-इजरायल जंग में 2500 लोगों की मौत #Shorts	VfjgM56t8FI	The legacy of Vijay Kumar Aror is highlighted in this live news segment, featuring footage of collapsing buildings and accompanying captions for viewers.	The video showcases a scene of destruction and chaos in an urban area.	15	30
652b461643e8c47e4eb48262	Israel Hamas Conflict: Palestine-इजरायल जंग में 2500 लोगों की मौत #Shorts	VfjgM56t8FI	The video captures a man typing on a laptop, closely observing the activities and incidents occurring outside.	The scene showcases the destruction and chaos in an urban area.	30	45
652b461043e8c47e4eb48261	Israel Hamas War अब और आगे बढ़ा | एक और देश ने किया Attack | Palestine | Gaza patti | N18V	T-dT5OiLTOw	The video captures a forest fire in India, with military vehicles moving along the road.	The video showcases a forest fire in India and military vehicles in action during disaster response.	45	150
652b461043e8c47e4eb48261	Israel Hamas War अब और आगे बढ़ा | एक और देश ने किया Attack | Palestine | Gaza patti | N18V	T-dT5OiLTOw	Amidst the chaos, an individual takes the center stage, addressing the crowd from a position of authority.	Amidst the chaos of a natural disaster and military presence, a person of authority addresses the crowd.	105	180
652b461043e8c47e4eb48261	Israel Hamas War अब और आगे बढ़ा | एक और देश ने किया Attack | Palestine | Gaza patti | N18V	T-dT5OiLTOw	The video captures a military vehicle engulfed in flames as armed personnel scramble to safety.	In the midst of chaos, a military vehicle is engulfed in flames causing armed personnel to scramble for safety.	165	180
652b460f43e8c47e4eb48260	Israel-Hamas war: Worst conflict of decades - Israel calls for evacuation of Palestinians - War Room	P3keRNt-Gsw	A devastating event causes chaos and destruction in a specific location.	The news report showcases the aftermath of a devastating event, with collapsing buildings and explosions causing chaos and destruction in a specific location. A man in a suit and tie presents the ongoing situation, highlighting the presence of affected people, including children.	15	75
652b460f43e8c47e4eb48260	Israel-Hamas war: Worst conflict of decades - Israel calls for evacuation of Palestinians - War Room	P3keRNt-Gsw	A fire incident occurs at an industrial site, causing smoke, flames, and structural damage.	A fire incident occurred at an industrial site in Pakistan causing smoke, flames, and structural damage to the buildings. Local authorities are carrying out emergency response efforts to handle the situation.	120	150
652b460f43e8c47e4eb48260	Israel-Hamas war: Worst conflict of decades - Israel calls for evacuation of Palestinians - War Room	P3keRNt-Gsw	The chaos and destruction caused by Taliban's takeover in Afghanistan.	The video highlights the chaos and destruction caused by the Taliban's takeover in Afghanistan, along with the accompanying visuals of people, buildings, and vehicles. The narrator discusses these events, which are emphasized through on-screen text displayed throughout the video.	135	165
652b45d743e8c47e4eb4825a	Israel-Palestine war:  Hamas Terrorist Entering Kibbutz Beeri captured in CCTV | WION ORIGINALS	yizLXzD8eFI	CCTV captures a suspicious gate incident involving a person in a white t-shirt.	A suspicious incident at a gate involving a person in a white t-shirt is captured on CCTV.	0	15
652b45d743e8c47e4eb4825a	Israel-Palestine war:  Hamas Terrorist Entering Kibbutz Beeri captured in CCTV | WION ORIGINALS	yizLXzD8eFI	Armed men break into a house while being recorded on CCTV.	Armed men break into a house and the incident is recorded on CCTV.	60	75
652b45d743e8c47e4eb4825a	Israel-Palestine war:  Hamas Terrorist Entering Kibbutz Beeri captured in CCTV | WION ORIGINALS	yizLXzD8eFI	The CCTV footage captures an incident involving a motorcycle and pedestrians on a road, leading to an accident.	CCTV footage captures an incident involving a motorcycle and pedestrians on a road, resulting in an accident.	105	120
652b45c343e8c47e4eb48259	Israel-Hamas War के बीच 900 Indian जवानों पर नज़र | Latest News	MFODxxy0imU	A group of individuals gather together, displaying unity and featuring military personnel with flags.	A group of individuals gather together, holding flags and showcasing unity, before transitioning to military personnel also displaying their allegiance.	45	75
652b45c343e8c47e4eb48259	Israel-Hamas War के बीच 900 Indian जवानों पर नज़र | Latest News	MFODxxy0imU	Soldiers in blue uniforms march forward under a blue flag, accompanied by military vehicles.	Military personnel in blue uniforms are seen holding flags and standing together. The video features a blue flag with the text 'Blue Flag' and military personnel in uniforms holding flags.	90	105
652b45c343e8c47e4eb48259	Israel-Hamas War के बीच 900 Indian जवानों पर नज़र | Latest News	MFODxxy0imU	Ceremonial event honoring soldiers with an award for their service on International Day of Peace.	The video captures a ceremonial event where three men in uniforms are honored with an award for their service. The event takes place on the International Day of Peace in 2019.	120	135
652b45b843e8c47e4eb48257	Gilad Shalit: The Soldier who was Held Captive by Hamas for 5 Years | Israel-Hamas War	OY6Ufo7kgNU	The aftermath of a devastating terrorist attack carried out by Hamas, which claimed the lives of over 700 Israelis.	The video captures the aftermath of a devastating terrorist attack carried out by Hamas, which claimed the lives of over 700 Israelis.	15	60
652b45b843e8c47e4eb48257	Gilad Shalit: The Soldier who was Held Captive by Hamas for 5 Years | Israel-Hamas War	OY6Ufo7kgNU	A historic agreement between Israel and Hamas leads to the release of Gilad Shalit in exchange for over a thousand prisoners.	A historic agreement between Israel and Hamas leads to the release of Gilad Shalit in exchange for over a thousand prisoners.	120	150
652b45b843e8c47e4eb48257	Gilad Shalit: The Soldier who was Held Captive by Hamas for 5 Years | Israel-Hamas War	OY6Ufo7kgNU	The challenge posed by Hamas's capture of dozens of individuals.	The video shows Israeli soldiers and civilians discussing the challenge posed by Hamas's capture of dozens of individuals.	165	210
652b45b343e8c47e4eb48256	Israel-Hamas war: Israeli forces pounding Gaza City by air	WwnunzAx4n0	Israeli air strikes target Hamas command centers and government buildings in retaliation for terror attacks	Israeli forces are pounding Gaza City by air, targeting Hamas command centers and government buildings, all in retaliation for the surprise terror attack over the weekend.	15	45
652b45b343e8c47e4eb48256	Israel-Hamas war: Israeli forces pounding Gaza City by air	WwnunzAx4n0	Families of missing American Israelis in Gaza conflict speak out	Families of American Israelis who remain missing, believed to have been kidnapped, are speaking out. Let's bring in Michelle Ross for the very latest.	75	105
652b45b343e8c47e4eb48256	Israel-Hamas war: Israeli forces pounding Gaza City by air	WwnunzAx4n0	Powerful speech drawing parallels between attacks and the Holocaust	The man gives a powerful speech addressing the horrifying attacks on the Holocaust, comparing the perpetrators to Nazi death squads.	105	120
652b45ad43e8c47e4eb48255	Israel-Palestine war: Defence capabilities of Israel amid war with Hamas | WION Originals	3HjXHorNKOI	A video of tanks on the road.	The scene showcases tanks on the road, followed by a tank moving through an area with people.	60	75
652b45ad43e8c47e4eb48255	Israel-Palestine war: Defence capabilities of Israel amid war with Hamas | WION Originals	3HjXHorNKOI	A military conflict scene with rockets and missiles.	The video depicts a military conflict scene with rockets and missiles being fired.	120	135
652b45ad43e8c47e4eb48255	Israel-Palestine war: Defence capabilities of Israel amid war with Hamas | WION Originals	3HjXHorNKOI	The intense and devastating conflict in Gaza.	The video portrays the intense and devastating conflict in Gaza, with buildings collapsing and rockets being fired.	150	154
652b45a743e8c47e4eb48254	Hezbollah threatens to drag war weary Lebanon into Israel-Hamas war	tQu9jLvEpRo	The video highlights the escalating conflict between Israel and Lebanon and the potential expansion of the conflict beyond Israel's borders.	The video highlights the escalating conflict between Israel and Lebanon and the potential expansion of the conflict beyond Israel's borders.	0	15
652b45a743e8c47e4eb48254	Hezbollah threatens to drag war weary Lebanon into Israel-Hamas war	tQu9jLvEpRo	The escalating Israel-Lebanon conflict raises concerns about potential involvement from Hezbollah alongside Hamas, adding to the growing threat to Israel and Lebanese civilians.	The escalating Israel-Lebanon conflict raises concerns about potential involvement from Hezbollah alongside Hamas, adding to the growing threat to Israel and Lebanese civilians.	90	105
652b45a743e8c47e4eb48254	Hezbollah threatens to drag war weary Lebanon into Israel-Hamas war	tQu9jLvEpRo	The video provides insights into a militant group's potential involvement in a war, discussing their reliance on signals from Iran or their leadership. The role of Israel in influencing the situation is also highlighted.	The video provides insights into a militant group's potential involvement in a war, discussing their reliance on signals from Iran or their leadership. The role of Israel in influencing the situation is also highlighted.	105	120
652b45a243e8c47e4eb48253	Israel puts horrors of Hamas attack on display	GVHJKZaNYYA	In the midst of a conflict, a soldier recounts a heartbreaking encounter with two babies who were left alone and in distress.	The video captures the heart-wrenching reality of innocent civilians being mercilessly killed in their own homes.	60	75
652b45a243e8c47e4eb48253	Israel puts horrors of Hamas attack on display	GVHJKZaNYYA	A pregnant woman, Nofar Melek Shalom, expresses fear over sleeping in her own house and seeks refuge in a safe room with her family.	The video showcases the devastating aftermath of a massacre in Kfar Osa, where first responder Shalom Abitan tragically loses his life.	105	120
652b45a243e8c47e4eb48253	Israel puts horrors of Hamas attack on display	GVHJKZaNYYA	The ongoing tensions and mobilization of soldiers are depicted in this video discussing the conflict between Hamas and Israel.	The video features a man in formal attire, discussing the escalating rocket attacks on Gaza and the possibility of a full-scale invasion.	180	195
652b459c43e8c47e4eb48252	Israel-Hamas war: Three generations of one family taken by Hamas	0cv70A176qc	Ten hours after the attack, Palestinians rampage through Jewish border community, hunting Israelis.	The video starts by showing the aftermath of an attack from Gaza, with Palestinians rampaging through a Jewish border community, causing destruction and hunting Israelis.	0	30
652b459c43e8c47e4eb48252	Israel-Hamas war: Three generations of one family taken by Hamas	0cv70A176qc	A family in the Middle East conflict has been kidnapped, including three generations of the family.	A family in the Middle East conflict has been kidnapped, including three generations of the family.	45	75
652b459c43e8c47e4eb48252	Israel-Hamas war: Three generations of one family taken by Hamas	0cv70A176qc	Israeli civilians being abducted and forced back to Gaza by Palestinians are discussed in this compelling video.	Israeli civilians being abducted and forced back to Gaza by Palestinians are discussed in this compelling video.	90	120
652b458243e8c47e4eb48250	Israel vows to free hostages from Gaza as Hamas threatens executions	_Y9mn_IaDNo	Amidst the conflict between Hamas and Israel, the armed wing of Hamas is threatening to kill hostages in retaliation for civilian casualties caused by Israeli airstrikes.	The armed wing of Hamas is threatening to start killing hostages if more Gazan civilians die in airstrikes.	15	45
652b458243e8c47e4eb48250	Israel vows to free hostages from Gaza as Hamas threatens executions	_Y9mn_IaDNo	A man in a black suit and tie discusses the situation in Gaza, emphasizing the need for strategic measures to protect smaller intelligence and hostage rescue assets.	A man in a black suit discusses hostage crisis and Israel's dilemma while military vehicles are stationed along an open field.	90	120
652b458243e8c47e4eb48250	Israel vows to free hostages from Gaza as Hamas threatens executions	_Y9mn_IaDNo	The video highlights the difficulty Israel faces in rescuing hostages from densely populated Gaza due to time constraints and the need to act quickly.	The longer Israel waits to conduct those immediate action hostage rescue raids, the more difficult it is to find them.	120	150
652b457c43e8c47e4eb4824f	Israel Hamas war - Day 4: What we know so far	uJqgpCVQxsA	The speaker emphasizes the need for support from the forces of civilization to defeat Hamas.	The speaker expresses their belief that Hamas is similar to ISIS and emphasizes the need for support from the forces of civilization to defeat Hamas.	30	45
652b457c43e8c47e4eb4824f	Israel Hamas war - Day 4: What we know so far	uJqgpCVQxsA	An ambulance arrives at the scene in Gaza City, as multiple individuals gather to assist the injured.	Amidst the chaos and destruction caused by bombings, an ambulance arrives at the scene in Gaza City, as multiple individuals gather to assist the injured.	120	135
652b457c43e8c47e4eb4824f	Israel Hamas war - Day 4: What we know so far	uJqgpCVQxsA	President Biden addresses the serious issue of global and national security.	During the video, President Biden addresses the serious issue of global and national security, emphasizing the importance of the United States' military force in the region.	195	210
652b457643e8c47e4eb4824e	Israel-Hamas war: Rockets fired at Israeli city of Ashkelon as Hamas deadline expires	aPq3Y5qQdqs	A car journey through stunning landscapes	The video takes us on a car journey through breathtaking landscapes filled with lush trees, vibrant plants, and stunning buildings.	15	30
652b457643e8c47e4eb4824e	Israel-Hamas war: Rockets fired at Israeli city of Ashkelon as Hamas deadline expires	aPq3Y5qQdqs	A compilation of aerial shots showcasing beautiful landscapes	The video showcases a compilation of aerial shots that capture the beauty of landscapes and cityscapes from various locations around the world.	30	45
652b457243e8c47e4eb4824d	Israel-Hamas war: British national heads to Israel to join the frontline	wIQBNTIMgmQ	Highlight 1	Summary 1	0	15
652b457243e8c47e4eb4824d	Israel-Hamas war: British national heads to Israel to join the frontline	wIQBNTIMgmQ	Highlight 2	Summary 2	15	30
652b457243e8c47e4eb4824d	Israel-Hamas war: British national heads to Israel to join the frontline	wIQBNTIMgmQ	Highlight 3	Summary 3	30	45
652b456643e8c47e4eb4824b	Israel-Palestine war: Hamas warns to kill hostages over Israeli strikes | WION	n7uZNye96Kc	The presenter discusses the rising death toll on the Israeli side of the conflict, which has reached 900, while over 687 people have died on the other side.	The video starts by discussing the rising death toll in the conflict between Israel and Gaza's militant group, Hamas.	0	15
652b456643e8c47e4eb4824b	Israel-Palestine war: Hamas warns to kill hostages over Israeli strikes | WION	n7uZNye96Kc	The video captures a group of individuals protesting against Hamas, with some armed men present.	The video captures individuals protesting against Hamas, with some armed men present.	105	120
652b456643e8c47e4eb4824b	Israel-Palestine war: Hamas warns to kill hostages over Israeli strikes | WION	n7uZNye96Kc	The video discusses escalating tensions in Gaza due to Palestinian prisoners being tried in Israel's military courts.	The video discusses escalating tensions in Gaza due to Palestinian prisoners being tried in Israel's military courts.	165	180
652b455f43e8c47e4eb4824a	Hamas Threatens Hostage Executions as Israel Prepares ‘Mass Offensive’ | WSJ	J6M7MuUNiZ8	The video captures a group launching a surprise attack on a country, threatening retaliation for the government's bombings of civilian homes in Gaza.	The video captures a group launching a surprise attack on a country, threatening retaliation for the government's bombings of civilian homes in Gaza.	15	75
652b455f43e8c47e4eb4824a	Hamas Threatens Hostage Executions as Israel Prepares ‘Mass Offensive’ | WSJ	J6M7MuUNiZ8	The 7-day conflict in Gaza, featuring hundreds of Israeli soldiers and dozens of tanks, is shown. Prime Minister Netanyahu delivers a speech on the consequences for Israel's enemies at the end of the war while acknowledging their mistakes.	The 7-day conflict in Gaza, featuring hundreds of Israeli soldiers and dozens of tanks, is shown. Prime Minister Netanyahu delivers a speech on the consequences for Israel's enemies at the end of the war while acknowledging their mistakes.	60	90
652b455f43e8c47e4eb4824a	Hamas Threatens Hostage Executions as Israel Prepares ‘Mass Offensive’ | WSJ	J6M7MuUNiZ8	Israeli civilians face the risk of being killed during Israeli airstrikes on Gaza. The video showcases interviews with different Israelis discussing the challenges of the conflict. The footage includes military vehicles on patrol during an operation against Hamas targets near Gaza's border area.	Israeli civilians face the risk of being killed during Israeli airstrikes on Gaza. The video showcases interviews with different Israelis discussing the challenges of the conflict. The footage includes military vehicles on patrol during an operation against Hamas targets near Gaza's border area.	165	180
652b455943e8c47e4eb48248	Israel-Hamas conflict: Death toll nears 1,600 as Israel vows complete siege of Gaza	BGH0C5pR74w	American fatalities and concerns about hostages kidnapped by Hamas	Newscasters in suits discuss the escalating conflict between Israel and Palestine. They address the confirmation of 11 American fatalities and express concerns about the possibility of more Americans being among the dozens of hostages kidnapped by Hamas.	0	45
652b455943e8c47e4eb48248	Israel-Hamas conflict: Death toll nears 1,600 as Israel vows complete siege of Gaza	BGH0C5pR74w	Tension and hostage situation in a dense smoke-filled area	Amidst the tension and hostage situation, the video shows a convoy of military vehicles, an ambulance, and a fire truck in a dense smoke-filled area. People are seen gathered near buildings, some of them waving at passing vehicles. The situation appears critical and calls for a swift resolution.	75	165
652b455943e8c47e4eb48248	Israel-Hamas conflict: Death toll nears 1,600 as Israel vows complete siege of Gaza	BGH0C5pR74w	Missile defense system fully activated	The video showcases the missile defense system in full activation as destruction unfolds.	90	105
652b453743e8c47e4eb48247	Hezbollah: Ready to join Hamas in war on Israel	6Rai-O_wn-8	The video shows live news coverage of the border conflict between Israel and Lebanon, including an explosion at a border checkpoint and artillery fires.	A live news channel reports on an explosion at a border checkpoint between Israel and Lebanon. Israeli troops unleash artillery fires across the border.	15	75
652b453743e8c47e4eb48247	Hezbollah: Ready to join Hamas in war on Israel	6Rai-O_wn-8	The presenter discusses the involvement of Hezbollah and Iran in the conflict and the potential game-changing impact.	Hezbollah and Iran are discussed in a live news presentation, specifically their involvement in the conflict in Lebanon. The potential for a war with Hezbollah looms.	90	120
652b453743e8c47e4eb48247	Hezbollah: Ready to join Hamas in war on Israel	6Rai-O_wn-8	A woman provides live commentary on the border conflict, showcasing images of smoke, flames, and burning buildings.	A woman in a red dress provides live commentary on the border conflict between Israel and Lebanon, showcasing images of smoke, flames, and burning buildings.	135	150
652b453243e8c47e4eb48246	Israel and the Palestinians: a century of conflict	oIWqTIFRlYU	The video provides an overview of the Israel-Palestine conflict and the displacement of Palestinians.	The video provides an overview of the Israel-Palestine conflict and the displacement of Palestinians.	135	195
652b453243e8c47e4eb48246	Israel and the Palestinians: a century of conflict	oIWqTIFRlYU	The video showcases a historical event when a letter of support for the creation of a Jewish state in the Middle East was delivered.	The video showcases a historical event when a letter of support for the creation of a Jewish state in the Middle East was delivered.	30	45
652b453243e8c47e4eb48246	Israel and the Palestinians: a century of conflict	oIWqTIFRlYU	This video captures a dangerous fire breaking out at night, engulfing an area surrounded by buildings.	This video captures a dangerous fire breaking out at night, engulfing an area surrounded by buildings.	165	180
652b452c43e8c47e4eb48245	Gaza neighborhood Rimal leveled by Israel airstrikes | Latest war news	fiS4-9-rW9U	Amidst the chaos and destruction caused by conflict, a man bravely carries an injured person on a stretcher as others gather around to help.	Amidst the chaos and destruction caused by conflict, a man bravely carries an injured person on a stretcher as others gather around to help.	45	75
652b452c43e8c47e4eb48245	Gaza neighborhood Rimal leveled by Israel airstrikes | Latest war news	fiS4-9-rW9U	The speaker discusses the challenging situation and bleak future of Gaza, emphasizing the statement made by Wahiba Sirsawi that it will take five years for Gazans to recover after the conflict. She also mentions the potential for more conflicts in the future.	The speaker discusses the challenging situation and bleak future of Gaza, emphasizing the statement made by Wahiba Sirsawi that it will take five years for Gazans to recover after the conflict. She also mentions the potential for more conflicts in the future.	90	105
652b452c43e8c47e4eb48245	Gaza neighborhood Rimal leveled by Israel airstrikes | Latest war news	fiS4-9-rW9U	Amidst ongoing conflict, fishermen use a port while Hamas launches rockets toward Ashkelon.	Amidst ongoing conflict, fishermen use a port while Hamas launches rockets toward Ashkelon.	120	135
652b452643e8c47e4eb48244	22-year-old describes Gaza amid Israel-Hamas war	pINho0Y6_2Q	A woman in black attire discusses the struggles of living in Gaza	The woman shares the devastation of homes and the loss of her workplace in Gaza, causing her sleepless nights.	0	15
652b452643e8c47e4eb48244	22-year-old describes Gaza amid Israel-Hamas war	pINho0Y6_2Q	A woman in white attire is seated indoors, discussing the 'Struggles in Gaza' conflict and displacement	She emphasizes the challenges faced by residents, acknowledging the lack of available transcription.	30	45
652b452643e8c47e4eb48243	Disinformation spreads on Israel-Hamas war across social media	ul-kAN0aMCY	Misinformation about the allocation of funds for Israel is being spread rapidly in this video.	The video highlights the impact of XQ hackers on social media platforms, emphasizing the spread of misleading information about the allocation of funds for Israel.	135	150
652b452643e8c47e4eb48243	Disinformation spreads on Israel-Hamas war across social media	ul-kAN0aMCY	Thierry Breton demands immediate action from Elon Musk regarding platform security, giving him a 24-hour deadline.	Thierry Breton sends a demand to Elon Musk, urging him to take immediate action to address platform security.	195	210
652b452643e8c47e4eb48243	Disinformation spreads on Israel-Hamas war across social media	ul-kAN0aMCY	The man highlights the significance of finding reliable sources, particularly in difficult times like these.	The man emphasizes the importance of relying on reliable sources, especially during challenging times.	240	255
652b451b43e8c47e4eb48242	Israel-Hamas war: Thousands of bombs rain down on Gaza	ZyKB1kwVbdY	Continuous bombings in Gaza City and its devastating impact	The video captures the aftermath of Israeli airstrikes, with people scavenging through the rubble and attending to the injured. It is a stark depiction of the devastation caused by the ongoing conflict.	75	165
652b451b43e8c47e4eb48242	Israel-Hamas war: Thousands of bombs rain down on Gaza	ZyKB1kwVbdY	Condemnation of Hamas and replacement of a distracted member	The man in formal attire strongly condemns Hamas's use of human shields during the ongoing conflict, describing it as a double war crime. He urges the Gaza population to move away from Hamas.	240	255
652b451b43e8c47e4eb48242	Israel-Hamas war: Thousands of bombs rain down on Gaza	ZyKB1kwVbdY	Escalating war and its devastating consequences	The video concludes by emphasizing that the war is set to escalate with devastating consequences.	270	285
652b451643e8c47e4eb48241	Israeli hostage stories emerge after being rescued from Hamas	On9eHp_sbl8	A man provides updates on the ongoing war in Israel and the national unity	Israel is in a sense of stunned national unity after this horrific attack.	0	15
652b451643e8c47e4eb48241	Israeli hostage stories emerge after being rescued from Hamas	On9eHp_sbl8	A reporter captures an incident involving smoke emanating from a building in Gaza	A reporter captures an incident involving smoke emanating from a building in Gaza.	60	75
652b451643e8c47e4eb48241	Israeli hostage stories emerge after being rescued from Hamas	On9eHp_sbl8	The aftermath of an attack on a gas storage facility during a conflict	The aftermath of an attack on a gas storage facility located in a green zone during a conflict.	165	180
652b451043e8c47e4eb4823f	Mapping out the Israel-Hamas war: Looking at Gaza’s tunnel system | On Balance	PrBNhkizB6E	Hezbollah's massive drone launch as part of Israel's two-front war	A man in formal attire discusses Hezbollah's massive drone launch as part of Israel's two-front war.	0	45
652b451043e8c47e4eb4823f	Mapping out the Israel-Hamas war: Looking at Gaza’s tunnel system | On Balance	PrBNhkizB6E	Israel's strategy against Hezbollah and Iran's insurance policy	A man in formal attire discusses Israel's strategy against Hezbollah, emphasizing the need for significant forces to guard against potential attacks. He predicts Iran's actions as part of their two-front war and highlights their insurance policy.	30	105
652b451043e8c47e4eb4823f	Mapping out the Israel-Hamas war: Looking at Gaza’s tunnel system | On Balance	PrBNhkizB6E	Difficulties of a ground invasion in Gaza during Israel's two-front war	The video analyzes the difficulties of a ground invasion in Gaza during Israel's two-front war, highlighting the strategic significance of the region for Iran.	60	135
652b44ef43e8c47e4eb4823e	Israel-Hamas War: Death toll rises to 1,600, including 14 Americans	vnqaYzZkkac	Death toll rises in Israel-Hamas conflict	The video provides relevant information about the Israel-Hamas conflict, featuring a discussion between two individuals in suits. They highlight the escalating tensions and provide contextual information for viewers.	0	15
652b44ef43e8c47e4eb4823e	Israel-Hamas War: Death toll rises to 1,600, including 14 Americans	vnqaYzZkkac	U.S. support for Israel's security interests	President Biden and his cabinet members discuss U.S. support for Israel's security interests amidst the Israel-Hamas conflict, highlighting the allocation of additional military assistance.	60	75
652b44ef43e8c47e4eb4823e	Israel-Hamas War: Death toll rises to 1,600, including 14 Americans	vnqaYzZkkac	Desperate search for missing son	A couple desperately searches for their missing son during the Israel-Hamas conflict, relying on a witness who saw him in a bomb shelter.	90	105
652b44e943e8c47e4eb4823d	Israel-Hamas war sparks protests around the world	YTR-sx5XEOk	Prime Minister of Canada, Trudeau, delivering a speech on the importance of unity and conflict resolution.	The Prime Minister of Canada, Trudeau, delivers a powerful speech emphasizing the importance of unity and conflict resolution.	30	75
652b44e943e8c47e4eb4823d	Israel-Hamas war sparks protests around the world	YTR-sx5XEOk	The video highlights the ongoing conflict between Israel and Gaza, with a focus on Hamas' rocket attacks on civilians.	Throughout the video, there is a gripping portrayal of the ongoing conflict between Israel and Gaza, with a focus on the rocket attacks carried out by Hamas.	195	210
652b44e943e8c47e4eb4823c	Israel strikes back against Hamas, as Americans killed in the war are being identified	iBbFe6kx6EI	American Couple Deborah and Shlomi Matias Shot Dead by Hamas Fighters	The video captures the deaths of an American couple, Deborah and Shlomi Matias, who were shot dead by Hamas fighters. It includes emotional interviews with grieving family members and friends, highlighting the impact of the tragic event.	30	120
652b44e943e8c47e4eb4823c	Israel strikes back against Hamas, as Americans killed in the war are being identified	iBbFe6kx6EI	Israel's sophisticated army and intelligence failures lead to an unforeseen attack	The video discusses Israel's sophisticated army and intelligence failures that resulted in an unforeseen attack. It mentions conflicts between Israelis and Palestinians and highlights an incident at a music festival where American tourists were killed.	165	210
652b44e943e8c47e4eb4823c	Israel strikes back against Hamas, as Americans killed in the war are being identified	iBbFe6kx6EI	The importance of recognizing civilian casualties in conflicts	The video emphasizes the significance of recognizing civilian casualties in conflicts, particularly in the ongoing Israel-Palestine conflict.	195	210
652b44c843e8c47e4eb4823b	Israeli official confirms women were raped during Hamas attack	gvDXxL-PdF4	The news anchor reports on the recent attack on West Bank settlers by Palestinian gunmen.	The situation in Israel has escalated with multiple fatalities and incidents of violence.	165	195
652b44c843e8c47e4eb4823b	Israeli official confirms women were raped during Hamas attack	gvDXxL-PdF4	The man in the video discusses the emotional impact of President Biden's speech at the White House and expresses his inability to handle similar situations that occurred during his visit to Israel amidst ongoing tensions.	The man in the video reflects on the emotional impact of President Biden's speech and his personal experiences in Israel.	180	195
652b44c843e8c47e4eb4823b	Israeli official confirms women were raped during Hamas attack	gvDXxL-PdF4	Two female anchors discuss the Israel crisis on Newsweek's 'The Daily Beast' with guest Raf Sanchez.	Two female anchors engage in a discussion about the ongoing Israel crisis with guest Raf Sanchez.	195	210
652b44c343e8c47e4eb4823a	Israel-Hamas war: Sky News visits site of music festival massacre	HT7FEugxaHw	The aftermath of a devastating incident is captured in this video, showing the destruction of vehicles and the presence of individuals in black attire moving among the wreckage.	The aftermath of a devastating attack at an Israeli festival, soldiers and recovery specialists conduct searches for human remains amidst the wreckage. The bodies are carefully examined before being transported to the hospital.	60	90
652b44c343e8c47e4eb4823a	Israel-Hamas war: Sky News visits site of music festival massacre	HT7FEugxaHw	Armed soldiers pursue a suspect and place him under intense scrutiny.	Soldiers start running unexpectedly.	90	120
652b44c343e8c47e4eb4823a	Israel-Hamas war: Sky News visits site of music festival massacre	HT7FEugxaHw	The ongoing tension in southern Israel has created a volatile and dangerous situation, leading to the presence of armed forces for security measures.	This type of encounter has been happening since Saturday in southern Israel. It shows how volatile the situation still is. The reason we have so many forces here is because this whole area is still dangerous.	120	150
652b44bd43e8c47e4eb48239	Netanyahu vows to wipe Hamas off the map as Gaza siege continues	Pwny3vOQShI	The video captures a tense and dangerous situation as someone drives on the highway towards Ashkelon, a city that has experienced numerous rocket attacks from Hamas.	The video captures the intense and dangerous situation in Ashkelon, a city that has been targeted by Hamas rocket attacks. The tension is palpable as sirens blare, and people quickly take cover in ditches. Though the rockets strike elsewhere, an apartment block is devastated by incoming fire.	0	45
652b44bd43e8c47e4eb48239	Netanyahu vows to wipe Hamas off the map as Gaza siege continues	Pwny3vOQShI	The man in black attire highlights the effectiveness of the Iron Dome defense system in preventing casualties during previous strikes in Gaza. He shares his firsthand experience of holding a piece of shrapnel and reveals that no one was killed in the earlier attack.	Miraculously, the Iron Dome defense system prevents casualties, but the man in black attire laments the loss of innocent lives and appeals for international help to stop terrorism.	75	120
652b44bd43e8c47e4eb48239	Netanyahu vows to wipe Hamas off the map as Gaza siege continues	Pwny3vOQShI	Fresh images of the aftermath of the massacres have emerged, showing the destruction and ruins of houses in Be'eri.	The aftermath of the war is depicted in grim scenes, showing the destruction of houses and the emotional toll on emergency workers.	120	165
652b44b843e8c47e4eb48238	Israel-Hamas war: Rockets fired towards Israel	aFnJD0Ed7Xo	Israeli security forces attempt to regain control near the city of Netivot as two militants are stopped in their car.	Amid days of intense warfare, Israeli security forces attempt to regain control near the city of Netivot as two militants are stopped in their car.	60	90
652b44b843e8c47e4eb48238	Israel-Hamas war: Rockets fired towards Israel	aFnJD0Ed7Xo	The ongoing conflict between Hamas and Israel's defense forces in Gaza City has resulted in extensive damage to buildings. Air strikes have bombarded the residential and commercial district, causing many residents to be displaced.	The ongoing conflict between Hamas and Israel's defense forces in Gaza City has resulted in extensive damage to buildings. Air strikes have bombarded the residential and commercial district, causing many residents to be displaced.	105	150
652b44b843e8c47e4eb48238	Israel-Hamas war: Rockets fired towards Israel	aFnJD0Ed7Xo	An elderly man laments the loss caused by a conflict, expressing his grief and fear.	In this emotional video, an elderly man laments the loss caused by a conflict, expressing his grief and fear.	165	195
652b44b243e8c47e4eb48237	Israel-Gaza: Conflict moves to the air as rocket attacks increase	L6bTnsQYD5I	Missiles launched amidst a furious barrage in Ashkelon	The video captures the chaos and danger as missiles are launched in Ashkelon amidst a furious barrage.	0	15
652b44b243e8c47e4eb48237	Israel-Gaza: Conflict moves to the air as rocket attacks increase	L6bTnsQYD5I	Chaos and injuries at the scene of an incident in Ashkelon	Amidst the chaos and injuries at the scene of an incident, a group of police officers can be seen running on the road.	75	105
652b44b243e8c47e4eb48237	Israel-Gaza: Conflict moves to the air as rocket attacks increase	L6bTnsQYD5I	Political tensions and mobilization of troops in Israel's border towns	A man expresses concern about the unexplained disappearance of soldiers and discusses Israel's mobilization of a significant number of troops for an upcoming war.	150	180
652b44ad43e8c47e4eb48235	Israel-Hamas war: Israeli soldiers gear up to enter Gaza	y4Q5IFsFtsc	A man provides commentary on the conflict situation while standing outside amidst trees.	A man provides commentary on the conflict situation while standing outside amidst trees. He describes the sound of sirens followed by rockets taking off and explosions occurring directly above them.	30	120
652b44ad43e8c47e4eb48235	Israel-Hamas war: Israeli soldiers gear up to enter Gaza	y4Q5IFsFtsc	The military personnel prepare for their ground offensive in Gaza, discussing strategies and operations.	The military personnel prepare for their ground offensive in Gaza, discussing strategies and operations. Tanks and armored vehicles are mobilized for the mission.	165	180
652b44ad43e8c47e4eb48235	Israel-Hamas war: Israeli soldiers gear up to enter Gaza	y4Q5IFsFtsc	Amidst the ongoing conflict in Gaza, a group of armed soldiers vigilantly stands behind a fence as cars and people pass by.	Amidst the ongoing conflict in Gaza, a group of armed soldiers vigilantly stands behind a fence as cars and people pass by. News reporters cover the events as tensions rise.	195	210
652b447043e8c47e4eb48234	Israel-Hamas War: First Batch Of Indian Passengers Board Flight Back To India	rRhGM9x3RbY	A group of individuals in an airport lobby engage in conversations and prepare to board their flights.	A group of individuals in an airport lobby engage in conversations and prepare to board their flights, in a video discussing the end of the H1B Visa Ban.	15	60
652b446c43e8c47e4eb48233	Amid Israel-Hamas War, What is Happening in Gaza? | Subscribe to Firstpost	goEgKffFS2Q	The woman discusses the indiscriminate bombings in Gaza and the high population density.	A woman in a blue dress discusses Gaza's humanitarian crisis and the high population density contributing to the ongoing bombings.	0	25
652b446c43e8c47e4eb48233	Amid Israel-Hamas War, What is Happening in Gaza? | Subscribe to Firstpost	goEgKffFS2Q	The video sheds light on the humanitarian crisis in Gaza and the impact of Israel-controlled checkpoints.	The video sheds light on the humanitarian crisis in Gaza and the impact of Israel-controlled checkpoints. Gazans gather at the Rafah border checkpoint, the only open point to Egypt, as they face numerous challenges and restrictions. 	30	55
652b446c43e8c47e4eb48233	Amid Israel-Hamas War, What is Happening in Gaza? | Subscribe to Firstpost	goEgKffFS2Q	A woman in a black dress highlights the dire humanitarian crisis in Gaza caused by the deliberate actions of Israel.	A woman in a black dress highlights the dire humanitarian crisis in Gaza caused by the deliberate actions of Israel, affecting the availability of essential resources and leading to an unspeakable tragedy.	45	58
652b446b43e8c47e4eb48232	Guerra Israel x Hamas: Vídeo mostra como membros do Hamas entraram em kibutz e mataram 100 pessoas	0osig9rohWQ	The CCTV footage captures various scenes on a road, including an empty street with a barrier and trees, a car arriving and pausing briefly before continuing, visible traffic with pedestrians, an accident involving a red car and a wall or barrier, and finally a person walking towards a gate carrying a bag on their shoulder.	The CCTV footage takes us on a journey through a bustling road.	0	15
652b446b43e8c47e4eb48232	Guerra Israel x Hamas: Vídeo mostra como membros do Hamas entraram em kibutz e mataram 100 pessoas	0osig9rohWQ	A group of military personnel are seen walking on a road, possibly on their way to Barcelos Golf Club.	The video showcases a group of military personnel walking on a road.	15	30
652b446b43e8c47e4eb48232	Guerra Israel x Hamas: Vídeo mostra como membros do Hamas entraram em kibutz e mataram 100 pessoas	0osig9rohWQ	The video shows a car being stopped by the police after two pedestrians are seen on the road.	The police stop a car after two pedestrians are spotted on the road.	30	45
652b444c43e8c47e4eb48231	Israel vs Hamas: Five Videos that Define the War | Vantage with Palki Sharma |Subscribe to Firstpost	WeDSgaRRWK0	Five videos that define this war.	The video starts by introducing five defining moments of a war.	0	15
652b444c43e8c47e4eb48231	Israel vs Hamas: Five Videos that Define the War | Vantage with Palki Sharma |Subscribe to Firstpost	WeDSgaRRWK0	Scenes of rockets, buildings on fire, and fireworks.	The second video explores the contrasting themes of horror and unity with striking visuals.	15	30
652b444c43e8c47e4eb48231	Israel vs Hamas: Five Videos that Define the War | Vantage with Palki Sharma |Subscribe to Firstpost	WeDSgaRRWK0	People expressing their emotions in distressing situations.	The video captures different scenes in an urban setting, where people are seen expressing their emotions.	30	45
652b444943e8c47e4eb48230	Jewish schools CLOSE over children safety concerns as Israel-Hamas war escalates #GBNews	Awi66-v5aOs	A protest is taking place with individuals holding flags and a man speaking into a microphone. There is a police presence to maintain order.	The video captures a lively protest scene with individuals expressing their views and the presence of the police to ensure order.	15	30
652b444943e8c47e4eb48230	Jewish schools CLOSE over children safety concerns as Israel-Hamas war escalates #GBNews	Awi66-v5aOs	Amidst a lively protest, people gather outside, expressing their support and solidarity.	The video shows people gathering outside during the protest, demonstrating their support and solidarity.	30	45
652b444943e8c47e4eb48230	Jewish schools CLOSE over children safety concerns as Israel-Hamas war escalates #GBNews	Awi66-v5aOs	North London Jewish schools close due to safety concerns during Israel-Hamas conflict	Four Jewish schools in North London temporarily close due to safety concerns for the children amidst the Israel-Hamas conflict.	0	15
652b443543e8c47e4eb4822f	Israel Air Force Rains Fire On Hamas Naval HQ In Gaza	Sc62_pL-UiM	The chaos unfolds in Hiba Al Jabal as people flee from an unknown threat.	"The city is caught in the midst of a ""Horrific City Attack."""	15	30
652b443543e8c47e4eb4822f	Israel Air Force Rains Fire On Hamas Naval HQ In Gaza	Sc62_pL-UiM	The aftermath of a devastating attack on a city is captured in this video.	The video depicts a city under attack, with buildings engulfed in smoke and fire.	30	45
652b442943e8c47e4eb4822e	Fake News Over Israel-Hamas War | Vantage with Palki Sharma | Subscribe to Firstpost	O1nGHJro1TI	The impact of misinformation in warfare and its spread through social media platforms	The video highlights the impact of misinformation in warfare and how it spreads through social media platforms like Facebook, TikTok, and Instagram.	15	30
652b441f43e8c47e4eb4822c	Israel vs Hamas: Weapons of War | Vantage with Palki Sharma | Subscribe to Firstpost	QvCIutWfWXE	The ongoing conflict and its devastating consequences are highlighted.	The ongoing conflict and its devastating consequences are highlighted, particularly the central role of weaponry and the firing of rockets at Israel.	0	15
652b441f43e8c47e4eb4822c	Israel vs Hamas: Weapons of War | Vantage with Palki Sharma | Subscribe to Firstpost	QvCIutWfWXE	A conflict between Israel and Hamas in Gaza intensifies as airstrikes raid the area.	A conflict between Israel and Hamas in Gaza intensifies as airstrikes raid the area.	15	30
652b441f43e8c47e4eb4822c	Israel vs Hamas: Weapons of War | Vantage with Palki Sharma | Subscribe to Firstpost	QvCIutWfWXE	The video explores the scale and sophistication of Hamas' attack, as well as Israel's response and the weapons of war involved.	The video explores the scale and sophistication of Hamas' attack, as well as Israel's response and the weapons of war involved.	30	40
652b441a43e8c47e4eb4822b	Israel-Hamas War: इजरायल के खिलाफ और Palestine के साथ Congress, वजह जानकर हैरान हो जाएंगे | ABP LIVE	WtYoebFxfiw	The video captures a meeting in progress where participants are seated around a table. A person stands up and gestures towards an item on the table, while others observe. The scene shifts to a gathering of people in a different location.	A meeting in progress where participants discuss an item on the table, followed by a gathering of people in a different location.	15	45
652b441a43e8c47e4eb4822b	Israel-Hamas War: इजरायल के खिलाफ और Palestine के साथ Congress, वजह जानकर हैरान हो जाएंगे | ABP LIVE	WtYoebFxfiw	The video captures a chaotic scene of smoke and flames as individuals rush towards the source while others watch from afar, suggesting the presence of a dangerous situation.	A chaotic scene with smoke and flames as individuals rush towards a dangerous source.	75	90
652b441a43e8c47e4eb4822b	Israel-Hamas War: इजरायल के खिलाफ और Palestine के साथ Congress, वजह जानकर हैरान हो जाएंगे | ABP LIVE	WtYoebFxfiw	The video captures a chaotic scene of a building on fire and people trying to rescue survivors amidst the chaos.	A chaotic scene of a building on fire with people attempting to rescue survivors.	105	120
652b441543e8c47e4eb4822a	Oil prices spike following Israel-Hamas war	LNVaVyk2REY	The video showcases cityscapes and vehicles moving on the roads.	The video begins with captivating cityscapes and vehicles bustling on the roads.	0	15
652b441543e8c47e4eb4822a	Oil prices spike following Israel-Hamas war	LNVaVyk2REY	The video showcases the current state of gas prices at a gas station, with vehicles waiting to refuel.	The scenes transition to a gas station, with vehicles patiently waiting to refuel.	15	30
652b441543e8c47e4eb4822a	Oil prices spike following Israel-Hamas war	LNVaVyk2REY	This video explains the global impact of oil prices, including their effect on inflation and economic growth.	A presentation delves into the global impact of oil prices. It explores how these prices affect inflation and economic growth.	30	45
652b440043e8c47e4eb48229	Israel-Hamas war: US shipment of advanced weaponry lands in Israel	JAEIc2183a0	The video captures the process of loading cargo onto a cargo plane, with individuals standing below the aircraft.	A cargo plane is being loaded with equipment as two men stand below its wing.	0	15
652b440043e8c47e4eb48229	Israel-Hamas war: US shipment of advanced weaponry lands in Israel	JAEIc2183a0	Workers at a factory load a cargo plane with packages using a crane.	The video captures the process of loading cargo onto a cargo plane, with individuals standing below the aircraft.	15	30
652b440043e8c47e4eb48229	Israel-Hamas war: US shipment of advanced weaponry lands in Israel	JAEIc2183a0	"The news logo ""Sky News"" is shown during the loading process."	"Workers at a factory load a cargo plane with packages using a crane, and the news logo ""Sky News"" is shown during the loading process."	30	31
652b43fc43e8c47e4eb48228	Israel-Hamas War: India Launches Operation Ajay | Vantage with Palki Sharma |Subscribe to Firstpost	uAfdixK_uxE	India launches Operation Ajay to help Indians return home from Israel	India launches Operation Ajay to assist Indians in returning home from Israel.	0	15
652b43fc43e8c47e4eb48228	Israel-Hamas War: India Launches Operation Ajay | Vantage with Palki Sharma |Subscribe to Firstpost	uAfdixK_uxE	"This video explores India's mediation potential in the context of Indian-Israeli relations during ""Operation Ajay"""	"The video discusses India's mediation potential in the context of Indian-Israeli relations during ""Operation Ajay""."	15	30
652b43fc43e8c47e4eb48228	Israel-Hamas War: India Launches Operation Ajay | Vantage with Palki Sharma |Subscribe to Firstpost	uAfdixK_uxE	Netanyahu discusses India's potential for mediation and highlights Prime Minister Modi's visits to Israel and the UAE	Netanyahu highlights India's potential for mediation and mentions Prime Minister Modi's visits to Israel and the UAE.	30	45
652b43f643e8c47e4eb48227	Anderson Cooper Fights Tears On Live TV Over Israel-Hamas War #shorts	Cq8N7KOjYrw	Anderson Cooper struggles to maintain composure while discussing the Israel-Hamas war.	Anderson Cooper is struggling to hold back his emotions over the Israel-Hamas war.	0	15
652b43f643e8c47e4eb48227	Anderson Cooper Fights Tears On Live TV Over Israel-Hamas War #shorts	Cq8N7KOjYrw	An Israeli woman's emotional plea for her family's safety brings tears during a live broadcast from Tel Aviv.	The network's interview with an Israeli woman pleading for her family's safety as they remain held hostage brought tears during a live broadcast from Tel Aviv.	15	30
652b43f643e8c47e4eb48227	Anderson Cooper Fights Tears On Live TV Over Israel-Hamas War #shorts	Cq8N7KOjYrw	This news report highlights the emotional struggles of Israelis and Hamas during the conflict.	The gravity of the situation becomes apparent as a live broadcast from Tel Aviv captures the desperate plea of an Israeli woman for her family's safety.	30	37
652b43f143e8c47e4eb48226	Pro-Palestinian rally met by Israel supporters in NYC, Hochul slams demonstration after Hamas attack	7fmahzTQppw	A political rally organized by the Democratic Socialists of America, featuring Representative Alexandria Ocasio-Cortez.	A political rally organized by the Democratic Socialists of America, featuring Representative Alexandria Ocasio-Cortez.	60	90
652b43f143e8c47e4eb48226	Pro-Palestinian rally met by Israel supporters in NYC, Hochul slams demonstration after Hamas attack	7fmahzTQppw	The video captures footage from a rally involving people holding flags and signs, with a man speaking into a microphone. It raises questions about elected officials endorsed by the Democratic Socialists of America and whether they will continue to accept the endorsement. It also mentions the possibility of the Hamas rally in Times Square being reversed.	The video captures footage from a rally involving people holding flags and signs, with a man speaking into a microphone. It raises questions about elected officials endorsed by the Democratic Socialists of America and whether they will continue to accept the endorsement. It also mentions the possibility of the Hamas rally in Times Square being reversed.	90	105
652b43f143e8c47e4eb48226	Pro-Palestinian rally met by Israel supporters in NYC, Hochul slams demonstration after Hamas attack	7fmahzTQppw	The man in black attire discusses political events and career advancements while seated on a chair.	The man in black attire discusses political events and career advancements while seated on a chair.	105	120
652b43e143e8c47e4eb48223	US prepares for all scenarios related to Israel-Hamas war	cKEYI3xu-ms	A woman in black attire stands on a podium surrounded by multiple individuals including reporters and photographers.	A woman in black attire stands on a podium, surrounded by multiple individuals including reporters and photographers.	0	15
652b43e143e8c47e4eb48223	US prepares for all scenarios related to Israel-Hamas war	cKEYI3xu-ms	The man discusses the policy on the Eastern Mediterranean and emphasizes the movement of additional assets as needed.	The man in the video discusses the policy on the Eastern Mediterranean and emphasizes the movement of additional assets as needed.	15	30
652b43e143e8c47e4eb48223	US prepares for all scenarios related to Israel-Hamas war	cKEYI3xu-ms	The US Secretary of State is discussing policy on the Eastern Mediterranean, emphasizing contingency planning and consultation with allies to address escalation scenarios for future challenges.	The US Secretary of State is discussing policy on the Eastern Mediterranean, emphasizing contingency planning and consultation with allies to address escalation scenarios for future challenges.	30	45
652b43d943e8c47e4eb48222	Israel-Hamas war: Al-Qassam Brigades fighters storm Israeli military site	QAst5hsqaGQ	The harrowing chase in the desert showcases a desperate attempt at escaping authorities.	With gunshots and smoke bombs in the mix, the situation is tense and dangerous.	15	30
652b43d943e8c47e4eb48222	Israel-Hamas war: Al-Qassam Brigades fighters storm Israeli military site	QAst5hsqaGQ	The intense firefight scene captures armed men in combat on a road.	The atmosphere is filled with chaos and peril.	30	45
652b43d543e8c47e4eb48221	Littlest victims of war: The faces of Israeli child hostages in Hamas slaughter	MleJJ9NiObQ	The video showcases escalating attacks by HAMAS on civilians during Ramadan.	The video highlights the escalating attacks carried out by HAMAS during Ramadan.	0	15
652b43d543e8c47e4eb48221	Littlest victims of war: The faces of Israeli child hostages in Hamas slaughter	MleJJ9NiObQ	A heartbreaking video highlighting missing children in Israel and Morocco.	The video highlights the issue of missing children in Israel and Morocco.	15	30
652b43d543e8c47e4eb48221	Littlest victims of war: The faces of Israeli child hostages in Hamas slaughter	MleJJ9NiObQ	The video features a mix of scenes with children posing for photos and various images of people and locations.	The video showcases a mix of scenes with children and various locations.	30	42
652b43d543e8c47e4eb48220	Israel-Hamas conflict | hezbollah vs israel | Syria | Chechen Ramzan Kadyrov	ANFmTw2cs9I	A raging forest fire captured on CCTV, with emergency services in action.		30	45
652b43d543e8c47e4eb48220	Israel-Hamas conflict | hezbollah vs israel | Syria | Chechen Ramzan Kadyrov	ANFmTw2cs9I	The video captures multiple fire incidents with uncontrolled flames and smoke hazards, while firefighters struggle to extinguish the fires.		45	60
652b43d543e8c47e4eb48220	Israel-Hamas conflict | hezbollah vs israel | Syria | Chechen Ramzan Kadyrov	ANFmTw2cs9I	"A video showcasing a fire incident that has occurred, where flames and smoke are seen against a backdrop of buildings. The caption ""Fiery Disaster Strikes"" is displayed on the screen."		60	68
652b43a743e8c47e4eb4821f	Israel Hamas War के दौर में रिपोर्टिंग करना कितना मुश्किल है?	f9Hm1vUbjI8	Amidst a missile attack, chaos ensues in the city	Vehicles try to navigate through traffic and people seek safety	15	30
652b43a743e8c47e4eb4821f	Israel Hamas War के दौर में रिपोर्टिंग करना कितना मुश्किल है?	f9Hm1vUbjI8	Concern for Rushdi's safety during an interview	A news reporter expresses concern about Rushdi's safety during an interview at Palestine Tower	30	45
652b43a743e8c47e4eb4821f	Israel Hamas War के दौर में रिपोर्टिंग करना कितना मुश्किल है?	f9Hm1vUbjI8	Interviewer expresses concern for Rushdi's safety	The interviewer expresses concern for Rushdi's safety during the interview after hearing a loud noise	45	60
652b43a143e8c47e4eb4821e	Israel Hamas War : इज़राइल ने सील किए सारे बॉर्डर, लेबनान की सीमा पर तैनात किए टैंक | N18S | #shorts	mmczJBeI2AI	The video showcases a female speaker discussing military vehicles near roads, emphasizing their presence and significance.	The video starts with a female speaker discussing military vehicles near roads. She emphasizes their presence and significance, suggesting that they play a crucial role in military operations.	0	15
652b43a143e8c47e4eb4821e	Israel Hamas War : इज़राइल ने सील किए सारे बॉर्डर, लेबनान की सीमा पर तैनात किए टैंक | N18S | #shorts	mmczJBeI2AI	A female news anchor provides live commentary on military vehicles near a road, discussing their significance within the context of current events.	As the video continues, a female news anchor provides live commentary on the military vehicles seen near a road. She discusses their importance within the context of current events, implying that they may be related to ongoing military operations or exercises.	15	30
652b43a143e8c47e4eb4821e	Israel Hamas War : इज़राइल ने सील किए सारे बॉर्डर, लेबनान की सीमा पर तैनात किए टैंक | N18S | #shorts	mmczJBeI2AI	A female reporter discusses military vehicles near the road in this news video.	The video then transitions to a female reporter discussing the military vehicles observed near the road. She provides additional details about their features and capabilities.	30	45
652b439e43e8c47e4eb4821d	Israel-Hamas War: France में निकले हमास के हमदर्द तो पुलिस ने योगी की तरह दौड़ाया | Major Arya	qvg6H6JQm_Q	A man in a black t-shirt emphasizes the importance of engaging content in live streaming.	The man highlights the relevance of live streams to generating captions.	0	15
652b439e43e8c47e4eb4821d	Israel-Hamas War: France में निकले हमास के हमदर्द तो पुलिस ने योगी की तरह दौड़ाया | Major Arya	qvg6H6JQm_Q	A man is live streaming a discussion while receiving text messages on the screen.	An Indian man talks about his live streaming experience during an interview.	15	45
652b439a43e8c47e4eb4821c	Israel-Hamas War पर एक्टर Akshay Kumar ने क्या कहा? #Israel #HamasAttack #AkshayKumar  #news	bZaW-ULrdrw	The video discusses the challenges faced by Indian farmers due to climate change, including the impact of changing weather patterns and shifting temperature ranges on crop yields and financial strain.	The video dives into the hardships that Indian farmers face as a result of climate change.	0	15
652b439a43e8c47e4eb4821c	Israel-Hamas War पर एक्टर Akshay Kumar ने क्या कहा? #Israel #HamasAttack #AkshayKumar  #news	bZaW-ULrdrw	The host of the video discusses the challenges faced by Indian farmers due to climate change, while also condemning terrorism.	The host passionately discusses these challenges, expressing his concern and condemnation of terrorism.	15	30
652b439a43e8c47e4eb4821c	Israel-Hamas War पर एक्टर Akshay Kumar ने क्या कहा? #Israel #HamasAttack #AkshayKumar  #news	bZaW-ULrdrw	The video features a man in a blue shirt and black pants discussing challenges faced by Indian farmers due to climate change. He expresses hope for resolutions and emphasizes the global impact of these issues.	The video paints a poignant picture of the struggles faced by Indian farmers and the urgent need for action.	30	45
652b439543e8c47e4eb4821b	Israel Hamas War: Hamas का Israel में हमला, Sderot Police Station हुआ तबाह	DurmcP23DiY	A group of workers use heavy machinery to clear debris from a construction site marked as 'X'	A group of workers can be seen in action, using heavy machinery to clear debris from a construction site marked with an 'X'. Their main focus is on removing broken concrete pieces, and they are doing a great job at it.	0	15
652b439543e8c47e4eb4821b	Israel Hamas War: Hamas का Israel में हमला, Sderot Police Station हुआ तबाह	DurmcP23DiY	A construction site clearing debris using a white excavator and a white vehicle	The workers are using a white excavator and a white vehicle to clear the debris, showing their efficiency and expertise in handling the task.	30	45
652b439543e8c47e4eb4821b	Israel Hamas War: Hamas का Israel में हमला, Sderot Police Station हुआ तबाह	DurmcP23DiY	A construction site video shows the clearing of debris using an excavator and trucks	The workers are using an excavator and trucks to clear the debris, showcasing their efficiency and expertise in handling the task.	45	60
652b438e43e8c47e4eb4821a	Israel-Hamas war: Security beefed up outside Mosques in Lucknow ahead of Friday prayers	seEqkFq28go	A police officer discusses an arrest, providing details about the suspect and their last known location.	The video begins with a police officer discussing an arrest and providing details about the suspect and their last known location.	0	15
652b438e43e8c47e4eb4821a	Israel-Hamas war: Security beefed up outside Mosques in Lucknow ahead of Friday prayers	seEqkFq28go	An Indian police officer discusses an arrest while surrounded by other officers and vehicles, in a setting resembling a jail.	An Indian police officer discusses an arrest while surrounded by other officers and vehicles, in a setting resembling a jail.	30	45
652b438e43e8c47e4eb4821a	Israel-Hamas war: Security beefed up outside Mosques in Lucknow ahead of Friday prayers	seEqkFq28go	A police officer in India conducts a press conference discussing the arrest of an individual.	A police officer in India conducts a press conference discussing the arrest of an individual.	45	60
652b438c43e8c47e4eb48219	Israel-Hamas War: हमेशा-हमेशा के लिए दुनिया से हमास को मिटा देगा इसरायल | Major Gaurav Arya	9Kfr-RWhCoQ	A man passionately discusses safety topics in this video, emphasizing the importance of accurate captions.	A man emphasizes the importance of accurate captions in safety discussions.	0	15
652b438c43e8c47e4eb48219	Israel-Hamas War: हमेशा-हमेशा के लिए दुनिया से हमास को मिटा देगा इसरायल | Major Gaurav Arya	9Kfr-RWhCoQ	The video showcases a car environment, where safety discussions are highlighted, and the need to check captions for precise information is emphasized.	Safety discussions in a car environment highlight the need for accurate captions.	15	30
652b438c43e8c47e4eb48219	Israel-Hamas War: हमेशा-हमेशा के लिए दुनिया से हमास को मिटा देगा इसरायल | Major Gaurav Arya	9Kfr-RWhCoQ	An expert is interviewed and emphasizes the importance of safety, supported by captions on the screen.	An expert highlights the importance of safety with the support of captions.	30	33
